[
{
  "name":"java.awt.AWTEvent",
  "fields":[
    {"name":"bdata"}, 
    {"name":"consumed"}, 
    {"name":"id"}
  ]
},
{
  "name":"java.awt.AlphaComposite",
  "fields":[
    {"name":"extraAlpha"}, 
    {"name":"rule"}
  ]
},
{
  "name":"java.awt.Color",
  "fields":[{"name":"value"}],
  "methods":[{"name":"getRGB","parameterTypes":[] }]
},
{
  "name":"java.awt.Component",
  "fields":[
    {"name":"appContext"}, 
    {"name":"background"}, 
    {"name":"foreground"}, 
    {"name":"graphicsConfig"}, 
    {"name":"height"}, 
    {"name":"isPacked"}, 
    {"name":"name"}, 
    {"name":"peer"}, 
    {"name":"width"}, 
    {"name":"x"}, 
    {"name":"y"}
  ],
  "methods":[
    {"name":"getLocationOnScreen_NoTreeLock","parameterTypes":[] }, 
    {"name":"getParent_NoClientCode","parameterTypes":[] }
  ]
},
{
  "name":"java.awt.Font",
  "fields":[
    {"name":"pData"}, 
    {"name":"size"}, 
    {"name":"style"}
  ],
  "methods":[
    {"name":"getFamily_NoClientCode","parameterTypes":[] }, 
    {"name":"getPeer_NoClientCode","parameterTypes":[] }
  ]
},
{
  "name":"java.awt.Insets",
  "fields":[
    {"name":"bottom"}, 
    {"name":"left"}, 
    {"name":"right"}, 
    {"name":"top"}
  ]
},
{
  "name":"java.awt.Rectangle",
  "methods":[{"name":"<init>","parameterTypes":["int","int","int","int"] }]
},
{
  "name":"java.awt.event.InputEvent",
  "fields":[{"name":"modifiers"}]
},
{
  "name":"java.awt.event.KeyEvent",
  "fields":[
    {"name":"isProxyActive"}, 
    {"name":"keyChar"}, 
    {"name":"keyCode"}
  ]
},
{
  "name":"java.awt.geom.AffineTransform",
  "fields":[
    {"name":"m00"}, 
    {"name":"m01"}, 
    {"name":"m02"}, 
    {"name":"m10"}, 
    {"name":"m11"}, 
    {"name":"m12"}
  ]
},
{
  "name":"java.awt.geom.GeneralPath",
  "methods":[
    {"name":"<init>","parameterTypes":[] }, 
    {"name":"<init>","parameterTypes":["int","byte[]","int","float[]","int"] }
  ]
},
{
  "name":"java.awt.geom.Path2D",
  "fields":[
    {"name":"numTypes"}, 
    {"name":"pointTypes"}, 
    {"name":"windingRule"}
  ]
},
{
  "name":"java.awt.geom.Path2D$Float",
  "fields":[{"name":"floatCoords"}]
},
{
  "name":"java.awt.geom.Point2D$Float",
  "fields":[
    {"name":"x"}, 
    {"name":"y"}
  ],
  "methods":[{"name":"<init>","parameterTypes":["float","float"] }]
},
{
  "name":"java.awt.geom.Rectangle2D$Float",
  "fields":[
    {"name":"height"}, 
    {"name":"width"}, 
    {"name":"x"}, 
    {"name":"y"}
  ],
  "methods":[
    {"name":"<init>","parameterTypes":[] }, 
    {"name":"<init>","parameterTypes":["float","float","float","float"] }
  ]
},
{
  "name":"java.awt.image.ColorModel",
  "fields":[
    {"name":"colorSpace"}, 
    {"name":"colorSpaceType"}, 
    {"name":"isAlphaPremultiplied"}, 
    {"name":"is_sRGB"}, 
    {"name":"nBits"}, 
    {"name":"numComponents"}, 
    {"name":"pData"}, 
    {"name":"supportsAlpha"}, 
    {"name":"transparency"}
  ],
  "methods":[
    {"name":"getRGB","parameterTypes":["java.lang.Object"] }, 
    {"name":"getRGBdefault","parameterTypes":[] }
  ]
},
{
  "name":"java.awt.image.DirectColorModel",
  "methods":[{"name":"<init>","parameterTypes":["int","int","int","int","int"] }]
},
{
  "name":"java.awt.image.IndexColorModel",
  "fields":[
    {"name":"allgrayopaque"}, 
    {"name":"map_size"}, 
    {"name":"rgb"}, 
    {"name":"transparent_index"}
  ]
},
{
  "name":"java.lang.ClassLoader",
  "methods":[{"name":"loadClass","parameterTypes":["java.lang.String"] }]
},
{
  "name":"java.lang.Thread",
  "methods":[{"name":"yield","parameterTypes":[] }]
},
{
  "name":"java.lang.UnsupportedOperationException",
  "methods":[{"name":"<init>","parameterTypes":["java.lang.String"] }]
},
{
  "name":"java.net.FactoryURLClassLoader"
},
{
  "name":"org.graalvm.nativebridge.jni.JNIExceptionWrapperEntryPoints",
  "methods":[{"name":"getClassName","parameterTypes":["java.lang.Class"] }]
},
{
  "name":"sun.awt.SunHints",
  "fields":[{"name":"INTVAL_STROKE_PURE"}]
},
{
  "name":"sun.awt.SunToolkit",
  "methods":[
    {"name":"awtLock","parameterTypes":[] }, 
    {"name":"awtLockNotify","parameterTypes":[] }, 
    {"name":"awtLockNotifyAll","parameterTypes":[] }, 
    {"name":"awtLockWait","parameterTypes":["long"] }, 
    {"name":"awtUnlock","parameterTypes":[] }
  ]
},
{
  "name":"sun.awt.X11.XBaseWindow",
  "fields":[{"name":"window"}],
  "methods":[{"name":"getWindow","parameterTypes":[] }]
},
{
  "name":"sun.awt.X11.XContentWindow"
},
{
  "name":"sun.awt.X11.XErrorHandlerUtil",
  "methods":[
    {"name":"globalErrorHandler","parameterTypes":["long","long"] }, 
    {"name":"init","parameterTypes":["long"] }
  ]
},
{
  "name":"sun.awt.X11.XFramePeer"
},
{
  "name":"sun.awt.X11.XToolkit",
  "fields":[
    {"name":"modLockIsShiftLock"}, 
    {"name":"numLockMask"}
  ]
},
{
  "name":"sun.awt.X11.XWindow",
  "fields":[
    {"name":"drawState"}, 
    {"name":"graphicsConfig"}, 
    {"name":"target"}
  ]
},
{
  "name":"sun.awt.X11GraphicsConfig",
  "fields":[
    {"name":"aData"}, 
    {"name":"bitsPerPixel"}, 
    {"name":"screen"}
  ]
},
{
  "name":"sun.awt.X11GraphicsDevice",
  "fields":[{"name":"screen"}],
  "methods":[{"name":"addDoubleBufferVisual","parameterTypes":["int"] }]
},
{
  "name":"sun.awt.X11InputMethod",
  "fields":[{"name":"pData"}]
},
{
  "name":"sun.font.CharToGlyphMapper",
  "methods":[{"name":"charToGlyph","parameterTypes":["int"] }]
},
{
  "name":"sun.font.Font2D",
  "methods":[
    {"name":"canDisplay","parameterTypes":["char"] }, 
    {"name":"charToGlyph","parameterTypes":["int"] }, 
    {"name":"getMapper","parameterTypes":[] }, 
    {"name":"getTableBytes","parameterTypes":["int"] }
  ]
},
{
  "name":"sun.font.FontStrike",
  "methods":[{"name":"getGlyphMetrics","parameterTypes":["int"] }]
},
{
  "name":"sun.font.FreetypeFontScaler",
  "methods":[{"name":"invalidateScaler","parameterTypes":[] }]
},
{
  "name":"sun.font.GlyphList",
  "fields":[
    {"name":"images"}, 
    {"name":"lcdRGBOrder"}, 
    {"name":"lcdSubPixPos"}, 
    {"name":"len"}, 
    {"name":"positions"}, 
    {"name":"usePositions"}, 
    {"name":"x"}, 
    {"name":"y"}
  ]
},
{
  "name":"sun.font.PhysicalStrike",
  "fields":[{"name":"pScalerContext"}],
  "methods":[
    {"name":"adjustPoint","parameterTypes":["java.awt.geom.Point2D$Float"] }, 
    {"name":"getGlyphPoint","parameterTypes":["int","int"] }
  ]
},
{
  "name":"sun.font.StrikeMetrics",
  "methods":[{"name":"<init>","parameterTypes":["float","float","float","float","float","float","float","float","float","float"] }]
},
{
  "name":"sun.font.TrueTypeFont",
  "methods":[
    {"name":"readBlock","parameterTypes":["java.nio.ByteBuffer","int","int"] }, 
    {"name":"readBytes","parameterTypes":["int","int"] }
  ]
},
{
  "name":"sun.font.Type1Font",
  "methods":[{"name":"readFile","parameterTypes":["java.nio.ByteBuffer"] }]
},
{
  "name":"sun.java2d.Disposer",
  "methods":[{"name":"addRecord","parameterTypes":["java.lang.Object","long","long"] }]
},
{
  "name":"sun.java2d.InvalidPipeException"
},
{
  "name":"sun.java2d.NullSurfaceData"
},
{
  "name":"sun.java2d.SunGraphics2D",
  "fields":[
    {"name":"clipRegion"}, 
    {"name":"composite"}, 
    {"name":"eargb"}, 
    {"name":"lcdTextContrast"}, 
    {"name":"pixel"}, 
    {"name":"strokeHint"}
  ]
},
{
  "name":"sun.java2d.SurfaceData",
  "fields":[
    {"name":"pData"}, 
    {"name":"valid"}
  ]
},
{
  "name":"sun.java2d.loops.Blit",
  "methods":[{"name":"<init>","parameterTypes":["long","sun.java2d.loops.SurfaceType","sun.java2d.loops.CompositeType","sun.java2d.loops.SurfaceType"] }]
},
{
  "name":"sun.java2d.loops.BlitBg",
  "methods":[{"name":"<init>","parameterTypes":["long","sun.java2d.loops.SurfaceType","sun.java2d.loops.CompositeType","sun.java2d.loops.SurfaceType"] }]
},
{
  "name":"sun.java2d.loops.CompositeType",
  "fields":[
    {"name":"AnyAlpha"}, 
    {"name":"Src"}, 
    {"name":"SrcNoEa"}, 
    {"name":"SrcOver"}, 
    {"name":"SrcOverNoEa"}, 
    {"name":"Xor"}
  ]
},
{
  "name":"sun.java2d.loops.DrawGlyphList",
  "methods":[{"name":"<init>","parameterTypes":["long","sun.java2d.loops.SurfaceType","sun.java2d.loops.CompositeType","sun.java2d.loops.SurfaceType"] }]
},
{
  "name":"sun.java2d.loops.DrawGlyphListAA",
  "methods":[{"name":"<init>","parameterTypes":["long","sun.java2d.loops.SurfaceType","sun.java2d.loops.CompositeType","sun.java2d.loops.SurfaceType"] }]
},
{
  "name":"sun.java2d.loops.DrawGlyphListLCD",
  "methods":[{"name":"<init>","parameterTypes":["long","sun.java2d.loops.SurfaceType","sun.java2d.loops.CompositeType","sun.java2d.loops.SurfaceType"] }]
},
{
  "name":"sun.java2d.loops.DrawLine",
  "methods":[{"name":"<init>","parameterTypes":["long","sun.java2d.loops.SurfaceType","sun.java2d.loops.CompositeType","sun.java2d.loops.SurfaceType"] }]
},
{
  "name":"sun.java2d.loops.DrawParallelogram",
  "methods":[{"name":"<init>","parameterTypes":["long","sun.java2d.loops.SurfaceType","sun.java2d.loops.CompositeType","sun.java2d.loops.SurfaceType"] }]
},
{
  "name":"sun.java2d.loops.DrawPath",
  "methods":[{"name":"<init>","parameterTypes":["long","sun.java2d.loops.SurfaceType","sun.java2d.loops.CompositeType","sun.java2d.loops.SurfaceType"] }]
},
{
  "name":"sun.java2d.loops.DrawPolygons",
  "methods":[{"name":"<init>","parameterTypes":["long","sun.java2d.loops.SurfaceType","sun.java2d.loops.CompositeType","sun.java2d.loops.SurfaceType"] }]
},
{
  "name":"sun.java2d.loops.DrawRect",
  "methods":[{"name":"<init>","parameterTypes":["long","sun.java2d.loops.SurfaceType","sun.java2d.loops.CompositeType","sun.java2d.loops.SurfaceType"] }]
},
{
  "name":"sun.java2d.loops.FillParallelogram",
  "methods":[{"name":"<init>","parameterTypes":["long","sun.java2d.loops.SurfaceType","sun.java2d.loops.CompositeType","sun.java2d.loops.SurfaceType"] }]
},
{
  "name":"sun.java2d.loops.FillPath",
  "methods":[{"name":"<init>","parameterTypes":["long","sun.java2d.loops.SurfaceType","sun.java2d.loops.CompositeType","sun.java2d.loops.SurfaceType"] }]
},
{
  "name":"sun.java2d.loops.FillRect",
  "methods":[{"name":"<init>","parameterTypes":["long","sun.java2d.loops.SurfaceType","sun.java2d.loops.CompositeType","sun.java2d.loops.SurfaceType"] }]
},
{
  "name":"sun.java2d.loops.FillSpans",
  "methods":[{"name":"<init>","parameterTypes":["long","sun.java2d.loops.SurfaceType","sun.java2d.loops.CompositeType","sun.java2d.loops.SurfaceType"] }]
},
{
  "name":"sun.java2d.loops.GraphicsPrimitive",
  "fields":[{"name":"pNativePrim"}]
},
{
  "name":"sun.java2d.loops.GraphicsPrimitiveMgr",
  "methods":[{"name":"register","parameterTypes":["sun.java2d.loops.GraphicsPrimitive[]"] }]
},
{
  "name":"sun.java2d.loops.GraphicsPrimitive[]"
},
{
  "name":"sun.java2d.loops.MaskBlit",
  "methods":[{"name":"<init>","parameterTypes":["long","sun.java2d.loops.SurfaceType","sun.java2d.loops.CompositeType","sun.java2d.loops.SurfaceType"] }]
},
{
  "name":"sun.java2d.loops.MaskFill",
  "methods":[{"name":"<init>","parameterTypes":["long","sun.java2d.loops.SurfaceType","sun.java2d.loops.CompositeType","sun.java2d.loops.SurfaceType"] }]
},
{
  "name":"sun.java2d.loops.ScaledBlit",
  "methods":[{"name":"<init>","parameterTypes":["long","sun.java2d.loops.SurfaceType","sun.java2d.loops.CompositeType","sun.java2d.loops.SurfaceType"] }]
},
{
  "name":"sun.java2d.loops.SurfaceType",
  "fields":[
    {"name":"Any3Byte"}, 
    {"name":"Any4Byte"}, 
    {"name":"AnyByte"}, 
    {"name":"AnyColor"}, 
    {"name":"AnyInt"}, 
    {"name":"AnyShort"}, 
    {"name":"ByteBinary1Bit"}, 
    {"name":"ByteBinary2Bit"}, 
    {"name":"ByteBinary4Bit"}, 
    {"name":"ByteGray"}, 
    {"name":"ByteIndexed"}, 
    {"name":"ByteIndexedBm"}, 
    {"name":"FourByteAbgr"}, 
    {"name":"FourByteAbgrPre"}, 
    {"name":"Index12Gray"}, 
    {"name":"Index8Gray"}, 
    {"name":"IntArgb"}, 
    {"name":"IntArgbBm"}, 
    {"name":"IntArgbPre"}, 
    {"name":"IntBgr"}, 
    {"name":"IntRgb"}, 
    {"name":"IntRgbx"}, 
    {"name":"OpaqueColor"}, 
    {"name":"ThreeByteBgr"}, 
    {"name":"Ushort4444Argb"}, 
    {"name":"Ushort555Rgb"}, 
    {"name":"Ushort555Rgbx"}, 
    {"name":"Ushort565Rgb"}, 
    {"name":"UshortGray"}, 
    {"name":"UshortIndexed"}
  ]
},
{
  "name":"sun.java2d.loops.TransformHelper",
  "methods":[{"name":"<init>","parameterTypes":["long","sun.java2d.loops.SurfaceType","sun.java2d.loops.CompositeType","sun.java2d.loops.SurfaceType"] }]
},
{
  "name":"sun.java2d.loops.XORComposite",
  "fields":[
    {"name":"alphaMask"}, 
    {"name":"xorColor"}, 
    {"name":"xorPixel"}
  ]
},
{
  "name":"sun.java2d.pipe.Region",
  "fields":[
    {"name":"bands"}, 
    {"name":"endIndex"}, 
    {"name":"hix"}, 
    {"name":"hiy"}, 
    {"name":"lox"}, 
    {"name":"loy"}
  ]
},
{
  "name":"sun.java2d.pipe.RegionIterator",
  "fields":[
    {"name":"curIndex"}, 
    {"name":"numXbands"}, 
    {"name":"region"}
  ]
},
{
  "name":"sun.java2d.xr.XRBackendNative",
  "fields":[
    {"name":"FMTPTR_A8"}, 
    {"name":"FMTPTR_ARGB32"}, 
    {"name":"MASK_XIMG"}
  ]
},
{
  "name":"sun.java2d.xr.XRSurfaceData",
  "fields":[
    {"name":"picture"}, 
    {"name":"xid"}
  ]
}
]
