[
{
  "name":"java.awt.AWTKeyStroke",
  "methods":[{"name":"<init>","parameterTypes":[] }]
},
{
  "name":"java.awt.EventQueue",
  "methods":[{"name":"<init>","parameterTypes":[] }]
},
{
  "name":"java.awt.SequencedEvent",
  "methods":[{"name":"<init>","parameterTypes":["java.awt.AWTEvent"] }]
},
{
  "name":"java.awt.event.InputEvent",
  "fields":[{"name":"canAccessSystemClipboard"}]
},
{
  "name":"java.awt.event.KeyEvent",
  "fields":[
    {"name":"VK_CONTEXT_MENU"}, 
    {"name":"VK_F10"}
  ]
},
{
  "name":"java.util.Arrays",
  "methods":[{"name":"legacyMergeSort","parameterTypes":["java.lang.Object[]","java.util.Comparator"] }]
},
{
  "name":"javax.swing.KeyStroke",
  "methods":[{"name":"<init>","parameterTypes":[] }]
},
{
  "name":"javax.swing.plaf.FontUIResource",
  "methods":[{"name":"<init>","parameterTypes":["java.lang.String","int","int"] }]
},
{
  "name":"javax.swing.plaf.basic.BasicPanelUI",
  "methods":[{"name":"createUI","parameterTypes":["javax.swing.JComponent"] }]
},
{
  "name":"javax.swing.plaf.metal.MetalLabelUI",
  "methods":[{"name":"createUI","parameterTypes":["javax.swing.JComponent"] }]
},
{
  "name":"javax.swing.plaf.metal.MetalRootPaneUI",
  "methods":[{"name":"createUI","parameterTypes":["javax.swing.JComponent"] }]
},
{
  "name":"sun.awt.X11.XToolkit",
  "methods":[{"name":"<init>","parameterTypes":[] }]
},
{
  "name":"sun.awt.X11FontManager",
  "methods":[{"name":"<init>","parameterTypes":[] }]
},
{
  "name":"sun.awt.X11GraphicsEnvironment",
  "methods":[{"name":"<init>","parameterTypes":[] }]
},
{
  "name":"sun.font.FreetypeFontScaler",
  "methods":[{"name":"<init>","parameterTypes":["sun.font.Font2D","int","boolean","int"] }]
}
]
