[
{
  "name":"java.awt.SequencedEvent"
},
{
  "name":"java.awt.event.KeyEvent",
  "fields":[
    {"name":"VK_A"}, 
    {"name":"VK_BACK_SLASH"}, 
    {"name":"VK_BACK_SPACE"}, 
    {"name":"VK_C"}, 
    {"name":"VK_CONTEXT_MENU"}, 
    {"name":"VK_COPY"}, 
    {"name":"VK_CUT"}, 
    {"name":"VK_DELETE"}, 
    {"name":"VK_END"}, 
    {"name":"VK_ENTER"}, 
    {"name":"VK_ESCAPE"}, 
    {"name":"VK_F10"}, 
    {"name":"VK_H"}, 
    {"name":"VK_HOME"}, 
    {"name":"VK_INSERT"}, 
    {"name":"VK_KP_LEFT"}, 
    {"name":"VK_KP_RIGHT"}, 
    {"name":"VK_LEFT"}, 
    {"name":"VK_O"}, 
    {"name":"VK_PASTE"}, 
    {"name":"VK_RIGHT"}, 
    {"name":"VK_SPACE"}, 
    {"name":"VK_V"}, 
    {"name":"VK_X"}
  ]
},
{
  "name":"java.awt.event.MouseMotionListener[]"
},
{
  "name":"javax.swing.plaf.basic.BasicOptionPaneUI",
  "methods":[
    {"name":"createUI","parameterTypes":["javax.swing.JComponent"] }, 
    {"name":"loadActionMap","parameterTypes":["javax.swing.plaf.basic.LazyActionMap"] }
  ]
},
{
  "name":"javax.swing.plaf.basic.BasicPanelUI",
  "methods":[{"name":"createUI","parameterTypes":["javax.swing.JComponent"] }]
},
{
  "name":"javax.swing.plaf.metal.MetalButtonUI",
  "methods":[{"name":"createUI","parameterTypes":["javax.swing.JComponent"] }]
},
{
  "name":"javax.swing.plaf.metal.MetalLabelUI",
  "methods":[{"name":"createUI","parameterTypes":["javax.swing.JComponent"] }]
},
{
  "name":"javax.swing.plaf.metal.MetalRootPaneUI",
  "methods":[{"name":"createUI","parameterTypes":["javax.swing.JComponent"] }]
},
{
  "name":"javax.swing.plaf.metal.MetalTextFieldUI",
  "methods":[{"name":"createUI","parameterTypes":["javax.swing.JComponent"] }]
},
{
  "name":"sun.awt.X11.XToolkit",
  "methods":[{"name":"<init>","parameterTypes":[] }]
},
{
  "name":"sun.awt.X11FontManager",
  "methods":[{"name":"<init>","parameterTypes":[] }]
},
{
  "name":"sun.awt.X11GraphicsEnvironment",
  "methods":[{"name":"<init>","parameterTypes":[] }]
},
{
  "name":"sun.java2d.marlin.DMarlinRenderingEngine",
  "methods":[{"name":"<init>","parameterTypes":[] }]
}
]
